county,liters_sold_per_adult
Polk,80.51025180088303
Black Hawk,72.31551998201242
Scott,70.3229788730812
Pottawattamie,68.56663126498303
Linn,68.43860020248593
Johnson,62.91127479815222
Woodbury,60.300233295815026
Dubuque,55.68615988114484
Story,51.906893998251924
Dallas,48.84163510101012
