county,liters_sold_per_adult
Polk,80.51025180088303
Black Hawk,72.31551998201243
Scott,70.32297887308121
Pottawattamie,68.56663126498303
Linn,68.43860020248593
Johnson,62.91127479815228
Woodbury,60.30023329581502
Dubuque,55.686159881144796
Story,51.90689399825194
Dallas,48.841635101010084
